label,path
0,IMG_7431.JPG
0,IMG_7357.JPG
0,IMG_7425.JPG
0,IMG_7424.JPG
0,IMG_7430.JPG
0,IMG_7397.JPG
0,IMG_7368.JPG
0,IMG_7426.JPG
0,IMG_7432.JPG
0,IMG_7433.JPG
0,IMG_7427.JPG
0,IMG_7369.JPG
0,IMG_7423.JPG
0,IMG_7422.JPG
0,IMG_7434.JPG
0,IMG_7408.JPG
0,IMG_7421.JPG
0,IMG_6835.JPG
0,IMG_6831.JPG
0,IMG_6830.JPG
0,IMG_6832.JPG
0,IMG_7362.JPG
0,IMG_7404.JPG
0,IMG_7363.JPG
0,IMG_7405.JPG
0,IMG_7407.JPG
0,IMG_7361.JPG
0,IMG_7375.JPG
0,IMG_7374.JPG
0,IMG_7406.JPG
0,IMG_7360.JPG
0,IMG_7364.JPG
0,IMG_7402.JPG
0,IMG_7370.JPG
0,IMG_7358.JPG
0,IMG_7359.JPG
0,IMG_7371.JPG
0,IMG_7365.JPG
0,IMG_7403.JPG
0,IMG_7398.JPG
0,IMG_7373.JPG
0,IMG_7401.JPG
0,IMG_7367.JPG
0,IMG_7429.JPG
0,IMG_7428.JPG
0,IMG_7400.JPG
0,IMG_7366.JPG
0,IMG_7372.JPG
0,IMG_7399.JPG
1,IMG_6823.JPG
1,IMG_6770.JPG
1,IMG_6771.JPG
1,IMG_6822.JPG
1,IMG_6808.JPG
1,IMG_6820.JPG
1,IMG_6773.JPG
1,IMG_6772.JPG
1,IMG_6821.JPG
1,IMG_6809.JPG
1,IMG_6825.JPG
1,IMG_6819.JPG
1,IMG_6789.JPG
1,IMG_6777.JPG
1,IMG_6788.JPG
1,IMG_6818.JPG
1,IMG_6824.JPG
1,IMG_6826.JPG
1,IMG_6775.JPG
1,IMG_6774.JPG
1,IMG_6827.JPG
1,IMG_6802.JPG
1,IMG_6816.JPG
1,IMG_6792.JPG
1,IMG_6786.JPG
1,IMG_6779.JPG
1,IMG_6787.JPG
1,IMG_6793.JPG
1,IMG_6817.JPG
1,IMG_6803.JPG
1,IMG_6815.JPG
1,IMG_6801.JPG
1,IMG_6785.JPG
1,IMG_6791.JPG
1,IMG_6790.JPG
1,IMG_6784.JPG
1,IMG_6814.JPG
1,IMG_6828.JPG
1,IMG_6810.JPG
1,IMG_6804.JPG
1,IMG_6780.JPG
1,IMG_6794.JPG
1,IMG_6781.JPG
1,IMG_6805.JPG
1,IMG_6811.JPG
1,IMG_6807.JPG
1,IMG_6813.JPG
1,IMG_6783.JPG
1,IMG_6769.JPG
1,IMG_6782.JPG
1,IMG_6812.JPG
1,IMG_6806.JPG
